{
  "config": {
    "dim": 16,
    "n_classes": 4,
    "n_train": 2000,
    "n_test": 500,
    "depth": 5,
    "hidden": 128,
    "epochs": 80,
    "seeds": [
      0,
      1,
      2
    ]
  },
  "per_seed_results": {
    "0.01": {
      "dense": [],
      "fim": [
        0.3140000104904175,
        0.3140000104904175,
        0.3140000104904175
      ],
      "magnitude": [
        0.527999997138977,
        0.527999997138977,
        0.527999997138977
      ],
      "random": [
        0.527999997138977,
        0.527999997138977,
        0.527999997138977
      ]
    },
    "0.05": {
      "dense": [],
      "fim": [
        0.3140000104904175,
        0.3140000104904175,
        0.3140000104904175
      ],
      "magnitude": [
        0.257999986410141,
        0.2460000067949295,
        0.3140000104904175
      ],
      "random": [
        0.1860000044107437,
        0.22200000286102295,
        0.17000000178813934
      ]
    },
    "0.1": {
      "dense": [],
      "fim": [
        0.1979999989271164,
        0.1899999976158142,
        0.23000000417232513
      ],
      "magnitude": [
        0.20399999618530273,
        0.21400000154972076,
        0.2160000056028366
      ],
      "random": [
        0.2160000056028366,
        0.20999999344348907,
        0.1979999989271164
      ]
    },
    "0.5": {
      "dense": [],
      "fim": [
        0.20999999344348907,
        0.21199999749660492,
        0.20200000703334808
      ],
      "magnitude": [
        0.20600000023841858,
        0.21199999749660492,
        0.20399999618530273
      ],
      "random": [
        0.1940000057220459,
        0.21400000154972076,
        0.20399999618530273
      ]
    },
    "1.0": {
      "dense": [
        1.0,
        1.0,
        1.0
      ],
      "fim": [
        1.0,
        1.0,
        1.0
      ],
      "magnitude": [
        1.0,
        1.0,
        1.0
      ],
      "random": [
        1.0,
        1.0,
        1.0
      ]
    }
  },
  "summary": {
    "0.01": {
      "fim": {
        "mean": 0.3140000104904175,
        "std": 0.0
      },
      "magnitude": {
        "mean": 0.527999997138977,
        "std": 0.0
      },
      "random": {
        "mean": 0.527999997138977,
        "std": 0.0
      },
      "dense": {
        "mean": NaN,
        "std": 0.0
      }
    },
    "0.05": {
      "fim": {
        "mean": 0.3140000104904175,
        "std": 0.0
      },
      "magnitude": {
        "mean": 0.272666667898496,
        "std": 0.03629509312644391
      },
      "random": {
        "mean": 0.19266666968663534,
        "std": 0.02663331273650648
      },
      "dense": {
        "mean": NaN,
        "std": 0.0
      }
    },
    "0.1": {
      "fim": {
        "mean": 0.20600000023841858,
        "std": 0.0211660139578962
      },
      "magnitude": {
        "mean": 0.21133333444595337,
        "std": 0.0064291050377919485
      },
      "random": {
        "mean": 0.20799999932448068,
        "std": 0.009165153705123781
      },
      "dense": {
        "mean": NaN,
        "std": 0.0
      }
    },
    "0.5": {
      "fim": {
        "mean": 0.20799999932448068,
        "std": 0.005291496449338127
      },
      "magnitude": {
        "mean": 0.20733333130677542,
        "std": 0.004163332084832214
      },
      "random": {
        "mean": 0.20400000115235647,
        "std": 0.009999997913838357
      },
      "dense": {
        "mean": NaN,
        "std": 0.0
      }
    },
    "1.0": {
      "fim": {
        "mean": 1.0,
        "std": 0.0
      },
      "magnitude": {
        "mean": 1.0,
        "std": 0.0
      },
      "random": {
        "mean": 1.0,
        "std": 0.0
      },
      "dense": {
        "mean": 1.0,
        "std": 0.0
      }
    }
  },
  "interpretation": "Downstream-utility check: at random initialisation, does FIM-diagonal saliency pick a better subnetwork than magnitude or random? Dense baseline test acc: 1.000. FIM-saliency vs magnitude vs random pruning: see summary table. This is an illustrative result, not a state-of-the-art pruning claim."
}