{
  "config": {
    "width": 16,
    "dim": 8,
    "n_samples": 400,
    "seeds": [
      0,
      1,
      2,
      3,
      4
    ],
    "out": "/home/n/nn_universe/experiments/v4_2_fim_spectrum_validation/v4_2_diag_vs_spectrum.json"
  },
  "results": [
    {
      "seed": 0,
      "P": 1368,
      "per_sample_diag": {
        "n": 1368,
        "k1": 13,
        "k2": 684,
        "tier1_mean": 0.011380441690316767,
        "tier2_mean": 7.321283158660096e-05,
        "tier3_mean": 1.8679452011434183e-07,
        "ratio_t1_t3": 60924.92265485358,
        "ratio_t1_t2": 155.44326648335178
      },
      "M_diag": {
        "n": 1368,
        "k1": 13,
        "k2": 684,
        "tier1_mean": 0.011380441690316767,
        "tier2_mean": 7.321283158660096e-05,
        "tier3_mean": 1.8679452011434183e-07,
        "ratio_t1_t3": 60924.92265485358,
        "ratio_t1_t2": 155.44326648335178
      },
      "M_eigvals": {
        "n": 1368,
        "k1": 13,
        "k2": 684,
        "tier1_mean": 0.015005691934661133,
        "tier2_mean": 3.1673983157835515e-06,
        "tier3_mean": 1.2912039090287496e-37,
        "ratio_t1_t3": 1.1621473440200855e+35,
        "ratio_t1_t2": 4737.544962338917
      },
      "ratio_diag_over_eig": 5.242443909401613e-31,
      "time_full_s": 1.0872740745544434,
      "time_diag_s": 0.26573610305786133
    },
    {
      "seed": 1,
      "P": 1368,
      "per_sample_diag": {
        "n": 1368,
        "k1": 13,
        "k2": 684,
        "tier1_mean": 0.010704772984483666,
        "tier2_mean": 4.426968215559579e-05,
        "tier3_mean": 3.9701602901507905e-08,
        "ratio_t1_t3": 269630.75045207026,
        "ratio_t1_t2": 241.80821870053924
      },
      "M_diag": {
        "n": 1368,
        "k1": 13,
        "k2": 684,
        "tier1_mean": 0.010704772984483666,
        "tier2_mean": 4.426968215559579e-05,
        "tier3_mean": 3.9701602901507905e-08,
        "ratio_t1_t3": 269630.75045207026,
        "ratio_t1_t2": 241.80821870053924
      },
      "M_eigvals": {
        "n": 1368,
        "k1": 13,
        "k2": 684,
        "tier1_mean": 0.012939777800698715,
        "tier2_mean": 1.009016411317196e-06,
        "tier3_mean": 9.251833549086263e-39,
        "ratio_t1_t3": 1.3986176612501512e+36,
        "ratio_t1_t2": 12824.149989599076
      },
      "ratio_diag_over_eig": 1.9278374492358507e-31,
      "time_full_s": 1.0399839878082275,
      "time_diag_s": 0.27181267738342285
    },
    {
      "seed": 2,
      "P": 1368,
      "per_sample_diag": {
        "n": 1368,
        "k1": 13,
        "k2": 684,
        "tier1_mean": 0.010455764291918804,
        "tier2_mean": 3.022192171803461e-05,
        "tier3_mean": 1.0870039952491709e-08,
        "ratio_t1_t3": 961888.3037796065,
        "ratio_t1_t2": 345.96622906608343
      },
      "M_diag": {
        "n": 1368,
        "k1": 13,
        "k2": 684,
        "tier1_mean": 0.010455764291918804,
        "tier2_mean": 3.022192171803461e-05,
        "tier3_mean": 1.0870039952491709e-08,
        "ratio_t1_t3": 961888.3037796065,
        "ratio_t1_t2": 345.96622906608343
      },
      "M_eigvals": {
        "n": 1368,
        "k1": 13,
        "k2": 684,
        "tier1_mean": 0.011990178965273247,
        "tier2_mean": 5.051472824456989e-07,
        "tier3_mean": 2.6214497799577394e-40,
        "ratio_t1_t3": 4.573873227304984e+37,
        "ratio_t1_t2": 23736.006075737205
      },
      "ratio_diag_over_eig": 2.103006043187537e-32,
      "time_full_s": 1.0677380561828613,
      "time_diag_s": 0.26769566535949707
    },
    {
      "seed": 3,
      "P": 1368,
      "per_sample_diag": {
        "n": 1368,
        "k1": 13,
        "k2": 684,
        "tier1_mean": 0.010841065467955702,
        "tier2_mean": 6.363493986080844e-05,
        "tier3_mean": 8.755076277433673e-08,
        "ratio_t1_t3": 123826.05387343906,
        "ratio_t1_t2": 170.3634118562672
      },
      "M_diag": {
        "n": 1368,
        "k1": 13,
        "k2": 684,
        "tier1_mean": 0.010841065467955702,
        "tier2_mean": 6.363493986080844e-05,
        "tier3_mean": 8.755076277433673e-08,
        "ratio_t1_t3": 123826.05387343906,
        "ratio_t1_t2": 170.3634118562672
      },
      "M_eigvals": {
        "n": 1368,
        "k1": 13,
        "k2": 684,
        "tier1_mean": 0.014050442125768309,
        "tier2_mean": 1.545503452721915e-06,
        "tier3_mean": 1.948900525016309e-36,
        "ratio_t1_t3": 7.209419847455134e+33,
        "ratio_t1_t2": 9091.174853749375
      },
      "ratio_diag_over_eig": 1.7175592002336865e-29,
      "time_full_s": 0.9996213912963867,
      "time_diag_s": 0.2684338092803955
    },
    {
      "seed": 4,
      "P": 1368,
      "per_sample_diag": {
        "n": 1368,
        "k1": 13,
        "k2": 684,
        "tier1_mean": 0.010192186930429979,
        "tier2_mean": 2.779438472900349e-05,
        "tier3_mean": 6.800833697443631e-08,
        "ratio_t1_t3": 149866.7278728066,
        "ratio_t1_t2": 366.6994981110128
      },
      "M_diag": {
        "n": 1368,
        "k1": 13,
        "k2": 684,
        "tier1_mean": 0.010192186930429979,
        "tier2_mean": 2.779438472900349e-05,
        "tier3_mean": 6.800833697443631e-08,
        "ratio_t1_t3": 149866.7278728066,
        "ratio_t1_t2": 366.6994981110128
      },
      "M_eigvals": {
        "n": 1368,
        "k1": 13,
        "k2": 684,
        "tier1_mean": 0.011539025384325526,
        "tier2_mean": 1.7699701266912062e-06,
        "tier3_mean": 1.1651141067526208e-29,
        "ratio_t1_t3": 9.903772787102229e+26,
        "ratio_t1_t2": 6519.333411517321
      },
      "ratio_diag_over_eig": 1.5132286563356882e-22,
      "time_full_s": 1.048041820526123,
      "time_diag_s": 0.3222081661224365
    }
  ]
}