{
  "model_id": "allenai/OLMoE-1B-7B-0924",
  "n_params": 6919161856,
  "n_probes": 200,
  "n_unique_texts": 200,
  "seed": 42,
  "T1T3": 101709.85132309147,
  "log10_T1T3": 5.007363019471966,
  "gini": 0.9954048710941705,
  "gini_sample_size": 100000000,
  "eff_rank_n": 1.4326922576003564e-17,
  "top_1pct_mass": 0.9794668729308359,
  "arch_id": "NVIDIA H200_139GB",
  "spec_version": "v2-iter262"
}