{
  "model_id": "EleutherAI/pythia-6.9b",
  "n_params": 6857302016,
  "n_probes": 200,
  "n_unique_texts": 200,
  "seed": 42,
  "T1T3": 3103.9636645645855,
  "log10_T1T3": 3.4919166287035925,
  "gini": 0.9446885012895031,
  "gini_sample_size": 100000000,
  "eff_rank_n": 1.1088813938521836e-14,
  "top_1pct_mass": 0.8507204968190749,
  "arch_id": "NVIDIA H200_139GB",
  "spec_version": "v2-iter262"
}