{
  "model_id": "EleutherAI/pythia-6.9b",
  "n_params": 6857302016,
  "n_probes": 200,
  "n_unique_texts": 200,
  "seed": 256,
  "T1T3": 3024.5168770263817,
  "log10_T1T3": 3.4806560122452472,
  "gini": 0.9437756912548279,
  "gini_sample_size": 100000000,
  "eff_rank_n": 1.058115201042112e-14,
  "top_1pct_mass": 0.8507479605845082,
  "arch_id": "NVIDIA H200_139GB",
  "spec_version": "v2-iter262"
}