{
  "model_id": "allenai/OLMoE-1B-7B-0924",
  "n_params": 6919161856,
  "n_probes": 200,
  "seed": 42,
  "T1T3": 425551.29431380535,
  "log10_T1T3": 5.628951915759743,
  "gini": 0.9969027687506105,
  "gini_sample_size": 100000000,
  "eff_rank_n": 8.98508171860465e-18,
  "top_1pct_mass": 0.9793014039202284
}