{
  "model_id": "EleutherAI/pythia-6.9b",
  "n_params": 6857302016,
  "n_probes": 200,
  "seed": 42,
  "T1T3": 5738.424148924033,
  "log10_T1T3": 3.7587926454661624,
  "gini": 0.959748515892119,
  "gini_sample_size": 100000000,
  "eff_rank_n": 7.1039030816503266e-15,
  "top_1pct_mass": 0.866540682383218
}