{
  "config": {
    "L": 8,
    "d": 4,
    "beta": 1.0,
    "thermalise": 200,
    "n_samples": 80,
    "decorr": 20,
    "step_size": 0.6,
    "seeds": [
      0,
      1,
      2
    ],
    "out": "/home/n/nn_universe/experiments/v5_0_lattice_qcd/v5_0_lattice_u1_results.json"
  },
  "results": [
    {
      "seed": 0,
      "L": 8,
      "d": 4,
      "beta": 1.0,
      "n_params": 16384,
      "fim_tier1_mean": 4.9412270010844175,
      "fim_tier3_mean": 3.0511173200738115,
      "fim_tier1_tier3": 1.6194811548462125,
      "thermalise_s": 52.77150058746338,
      "measure_s": 421.99177265167236
    },
    {
      "seed": 1,
      "L": 8,
      "d": 4,
      "beta": 1.0,
      "n_params": 16384,
      "fim_tier1_mean": 4.91525648227796,
      "fim_tier3_mean": 3.0497676379492273,
      "fim_tier1_tier3": 1.6116822872391532,
      "thermalise_s": 51.81465172767639,
      "measure_s": 411.7451446056366
    },
    {
      "seed": 2,
      "L": 8,
      "d": 4,
      "beta": 1.0,
      "n_params": 16384,
      "fim_tier1_mean": 5.005499501747932,
      "fim_tier3_mean": 3.0940547457513183,
      "fim_tier1_tier3": 1.6177798756215815,
      "thermalise_s": 52.50445771217346,
      "measure_s": 426.5808413028717
    }
  ],
  "aggregate": {
    "tier_ratio_mean": 1.616314439235649,
    "tier_ratio_std": 0.004100757471372912,
    "tier_ratio_cv": 0.0025371037787128535
  },
  "comparison_context": {
    "cosmology_NN_trained_W_256": 404,
    "QEC_NN_trained_W_256": 1762,
    "untrained_NN_W_256": 1500,
    "boolean_circuit_N_384": 101000000,
    "random_matrix_N_3003": 81,
    "ising_chain_N_256": 2.6,
    "harmonic_chain_N_128": 3.7,
    "cellular_automaton_N_128": 3.8
  },
  "interpretation_guide": "If T1/T3 is in the O(1-10) range, lattice U(1) gauge theory does NOT exhibit the three-tier hierarchy seen in trained NNs and boolean circuits. The 'layered sequential computation' universality framing (adopted after the V4.0 BC-contradiction audit) is vindicated, and NN universality does NOT extend to known physics via this substrate. If T1/T3 is >1000, the universality class extends to at least U(1) gauge theory, and the FIM-Onsager cosmological framing gains empirical support."
}