{
  "config": {
    "widths": [
      32,
      64,
      128,
      256
    ],
    "seeds": [
      0,
      1,
      2,
      3,
      4
    ],
    "steps": 20000,
    "probes": 200,
    "dim": 16,
    "omp_threads": 8,
    "out": "/home/n/nn_universe/experiments/v4_0_uniqueness/v4_0_trained_vs_untrained.json"
  },
  "results": [
    {
      "width": 32,
      "n_params": 4240,
      "untrained": {
        "per_seed": [
          14870.909652773367,
          8029.8545108732105,
          15016.990166799465,
          6040.48338723398,
          6969.946543096975
        ],
        "mean": 10185.6368521554,
        "std": 4400.68503137975,
        "cv": 0.4320480982441971
      },
      "trained": {
        "per_seed": [
          1639.353416045001,
          1226.4838305820106,
          1308.9796180265298,
          577.6440348629432,
          652.7548810961987
        ],
        "mean": 1081.0431561225366,
        "std": 453.2272853098084,
        "cv": 0.41924994644564856
      },
      "trained_over_untrained": 0.10613407603411418
    },
    {
      "width": 64,
      "n_params": 14608,
      "untrained": {
        "per_seed": [
          4238.6703842091465,
          6217.397991699707,
          7268.143633966219,
          3655.8872602260694,
          4033.108554864387
        ],
        "mean": 5082.641564993106,
        "std": 1574.2876310376607,
        "cv": 0.3097380783017691
      },
      "trained": {
        "per_seed": [
          88.81481238788733,
          293.8012848531335,
          301.12294698290157,
          166.18656418764579,
          202.94441818780896
        ],
        "mean": 210.57400531987543,
        "std": 89.41427107615881,
        "cv": 0.42462160008939753
      },
      "trained_over_untrained": 0.04143003251895868
    },
    {
      "width": 128,
      "n_params": 53776,
      "untrained": {
        "per_seed": [
          2535.4449127290613,
          2562.824143691074,
          3107.612312628108,
          2897.0715318401917,
          3466.6420854829257
        ],
        "mean": 2913.9189972742724,
        "std": 390.4529352649839,
        "cv": 0.13399580963994537
      },
      "trained": {
        "per_seed": [
          189.66163810389043,
          186.29085752411538,
          166.25236041871736,
          230.65291855131383,
          203.33258593774002
        ],
        "mean": 195.2380721071554,
        "std": 23.82778446420184,
        "cv": 0.12204476415401236
      },
      "trained_over_untrained": 0.06700188724867928
    },
    {
      "width": 256,
      "n_params": 205840,
      "untrained": {
        "per_seed": [
          1389.6369399784671,
          1439.9918207547348,
          1351.2285101371808,
          1927.1252358251402,
          1391.13399017585
        ],
        "mean": 1499.8232993742747,
        "std": 240.93648636508397,
        "cv": 0.16064324808502609
      },
      "trained": {
        "per_seed": [
          296.7106311837585,
          336.2430739670292,
          334.8980673377898,
          480.9572601647644,
          298.8258585673361
        ],
        "mean": 349.52697824413565,
        "std": 75.86922334874735,
        "cv": 0.21706256761603862
      },
      "trained_over_untrained": 0.23304543834594255
    }
  ],
  "interpretation": "If trained/untrained ratio >> 1 at every width, the FIM tier hierarchy is learning-induced, not size-induced. Falsification: if trained/untrained < 5 at some width, size explains most of it."
}