{
  "partitions": [
    [
      0.1,
      10
    ],
    [
      1.0,
      50
    ],
    [
      5.0,
      50
    ],
    [
      10.0,
      50
    ],
    [
      1.0,
      30
    ],
    [
      1.0,
      70
    ],
    [
      0.5,
      50
    ]
  ],
  "per_seed": {
    "seed_0": {
      "seed": 0,
      "P": 1368,
      "ratios": {
        "top_0.1pct_vs_bot_10pct": 416425.07851927524,
        "top_1.0pct_vs_bot_50pct": 62568.159195523316,
        "top_5.0pct_vs_bot_50pct": 15114.962048314035,
        "top_10.0pct_vs_bot_50pct": 7844.845630070469,
        "top_1.0pct_vs_bot_30pct": 13913142.26394972,
        "top_1.0pct_vs_bot_70pct": 15571.747185830096,
        "top_0.5pct_vs_bot_50pct": 90484.59244418064
      }
    },
    "seed_1": {
      "seed": 1,
      "P": 1368,
      "ratios": {
        "top_0.1pct_vs_bot_10pct": 938687.4106270118,
        "top_1.0pct_vs_bot_50pct": 292452.7083025687,
        "top_5.0pct_vs_bot_50pct": 65662.80841162863,
        "top_10.0pct_vs_bot_50pct": 33691.38702978684,
        "top_1.0pct_vs_bot_30pct": 566323.4482135519,
        "top_1.0pct_vs_bot_70pct": 55487.96612774307,
        "top_0.5pct_vs_bot_50pct": 442821.73493390484
      }
    },
    "seed_2": {
      "seed": 2,
      "P": 1368,
      "ratios": {
        "top_0.1pct_vs_bot_10pct": 3838940.3235286507,
        "top_1.0pct_vs_bot_50pct": 970562.793105617,
        "top_5.0pct_vs_bot_50pct": 210686.85301657856,
        "top_10.0pct_vs_bot_50pct": 106242.42455085082,
        "top_1.0pct_vs_bot_30pct": 2158582.9342081435,
        "top_1.0pct_vs_bot_70pct": 120362.10312234504,
        "top_0.5pct_vs_bot_50pct": 1506825.0814977847
      }
    },
    "seed_3": {
      "seed": 3,
      "P": 1368,
      "ratios": {
        "top_0.1pct_vs_bot_10pct": 878187.4558840398,
        "top_1.0pct_vs_bot_50pct": 138885.90513455428,
        "top_5.0pct_vs_bot_50pct": 32185.425985411905,
        "top_10.0pct_vs_bot_50pct": 16891.860663252166,
        "top_1.0pct_vs_bot_30pct": 118139822477.85378,
        "top_1.0pct_vs_bot_70pct": 25484.90989432431,
        "top_0.5pct_vs_bot_50pct": 207131.6728941543
      }
    },
    "seed_4": {
      "seed": 4,
      "P": 1368,
      "ratios": {
        "top_0.1pct_vs_bot_10pct": 1995672.121386649,
        "top_1.0pct_vs_bot_50pct": 179305.88187590355,
        "top_5.0pct_vs_bot_50pct": 38097.94451177717,
        "top_10.0pct_vs_bot_50pct": 19250.7357528519,
        "top_1.0pct_vs_bot_30pct": 50627419139.1366,
        "top_1.0pct_vs_bot_70pct": 29511.707526335984,
        "top_0.5pct_vs_bot_50pct": 282015.27645833883
      }
    }
  },
  "aggregate": {
    "top_0.1pct_vs_bot_10pct": {
      "mean": 1613582.4779891253,
      "std": 1371831.3549675148,
      "cv": 0.8501773994702242,
      "min": 416425.07851927524,
      "max": 3838940.3235286507
    },
    "top_1.0pct_vs_bot_50pct": {
      "mean": 328755.08952283335,
      "std": 368264.7980679492,
      "cv": 1.120179762395349,
      "min": 62568.159195523316,
      "max": 970562.793105617
    },
    "top_5.0pct_vs_bot_50pct": {
      "mean": 72349.59879474207,
      "std": 79441.88019133512,
      "cv": 1.0980279298675044,
      "min": 15114.962048314035,
      "max": 210686.85301657856
    },
    "top_10.0pct_vs_bot_50pct": {
      "mean": 36784.250725362435,
      "std": 39920.62190758986,
      "cv": 1.085263968148872,
      "min": 7844.845630070469,
      "max": 106242.42455085082
    },
    "top_1.0pct_vs_bot_30pct": {
      "mean": 33756775933.12735,
      "std": 52015751978.00066,
      "cv": 1.5408981023852693,
      "min": 566323.4482135519,
      "max": 118139822477.85378
    },
    "top_1.0pct_vs_bot_70pct": {
      "mean": 49283.686771315704,
      "std": 42380.54438071503,
      "cv": 0.8599304791739227,
      "min": 15571.747185830096,
      "max": 120362.10312234504
    },
    "top_0.5pct_vs_bot_50pct": {
      "mean": 505855.67164567264,
      "std": 573974.4593668345,
      "cv": 1.1346605198663775,
      "min": 90484.59244418064,
      "max": 1506825.0814977847
    }
  }
}