{
  "model_id": "EleutherAI/pythia-2.8b",
  "n_params": 2775208960,
  "n_probes": 200,
  "seed": 42,
  "T1T3": 2015.4603244531636,
  "log10_T1T3": 3.304374253225534,
  "gini": 0.9080908986392761,
  "gini_sample_size": 100000000,
  "eff_rank_n": 1.84118903077936e-14,
  "top_1pct_mass": 0.7485038084143618
}